#N/A,,,,,,,,,,,,,,,,,,,,,,,,,,,,Onboarding Status
,,,,,,,,,,,,,,,,,,,,,,,,,,,,Not Updated
,,,,,,,,,,,,,,,,,,,,,,,,,,,,Not Updated
,,,,,,,,,,,,,,,,,,,,,,,,,,,,Not Updated
,,,,,,,,,,,,,,,,,,,,,,,,,,,,Not Updated
,,,,,,,,,,,,,,,,,,,,,,,,,,,,Not Updated
,,,,,,,,,,,,,,,,,,,,,,,,,,,,Not Updated
,,,,,,,,,,,,,,,,,,,,,,,,,,,,Not Updated
,,,,,,,,,,,,,,,,,,,,,,,,,,,,Not Updated
,,,,,,,,,,,,,,,,,,,,,,,,,,,,Not Updated
,,,,,,,,,,,,,,,,,,,,,,,,,,,,Not Updated
,,,,,,,,,,,,,,,,,,,,,,,,,,,,Not Updated
,,,,,,,,,,,,,,,,,,,,,,,,,,,,Not Updated
,,,,,,,,,,,,,,,,,,,,,,,,,,,,Not Updated
,,,,,,,,,,,,,,,,,,,,,,,,,,,,Not Updated
,,,,,,,,,,,,,,,,,,,,,,,,,,,,Not Updated
,,,,,,,,,,,,,,,,,,,,,,,,,,,,Not Updated
,,,,,,,,,,,,,,,,,,,,,,,,,,,,Not Updated
,,,,,,,,,,,,,,,,,,,,,,,,,,,,Not Updated
,,,,,,,,,,,,,,,,,,,,,,,,,,,,Not Updated
,,,,,,,,,,,,,,,,,,,,,,,,,,,,Not Updated
,,,,,,,,,,,,,,,,,,,,,,,,,,,,Not Updated
,,,,,,,,,,,,,,,,,,,,,,,,,,,,Not Updated
,,,,,,,,,,,,,,,,,,,,,,,,,,,,Not Updated
,,,,,,,,,,,,,,,,,,,,,,,,,,,,Not Updated
,,,,,,,,,,,,,,,,,,,,,,,,,,,,Not Updated
,,,,,,,,,,,,,,,,,,,,,,,,,,,,Not Updated
,,,,,,,,,,,,,,,,,,,,,,,,,,,,Not Updated
,,,,,,,,,,,,,,,,,,,,,,,,,,,,Not Updated
,,,,,,,,,,,,,,,,,,,,,,,,,,,,Not Updated
,,,,,,,,,,,,,,,,,,,,,,,,,,,,Not Updated
,,,,,,,,,,,,,,,,,,,,,,,,,,,,Not Updated
,,,,,,,,,,,,,,,,,,,,,,,,,,,,Not Updated
,,,,,,,,,,,,,,,,,,,,,,,,,,,,Not Updated
,,,,,,,,,,,,,,,,,,,,,,,,,,,,Not Updated
,,,,,,,,,,,,,,,,,,,,,,,,,,,,Not Updated
,,,,,,,,,,,,,,,,,,,,,,,,,,,,Not Updated
,,,,,,,,,,,,,,,,,,,,,,,,,,,,Not Updated
,,,,,,,,,,,,,,,,,,,,,,,,,,,,Not Updated
,,,,,,,,,,,,,,,,,,,,,,,,,,,,Not Updated
,,,,,,,,,,,,,,,,,,,,,,,,,,,,Not Updated
,,,,,,,,,,,,,,,,,,,,,,,,,,,,Not Updated
,,,,,,,,,,,,,,,,,,,,,,,,,,,,Not Updated
,,,,,,,,,,,,,,,,,,,,,,,,,,,,Not Updated
,,,,,,,,,,,,,,,,,,,,,,,,,,,,Not Updated
,,,,,,,,,,,,,,,,,,,,,,,,,,,,Not Updated
,,,,,,,,,,,,,,,,,,,,,,,,,,,,Not Updated
,,,,,,,,,,,,,,,,,,,,,,,,,,,,Not Updated
,,,,,,,,,,,,,,,,,,,,,,,,,,,,Not Updated
,,,,,,,,,,,,,,,,,,,,,,,,,,,,Not Updated
,,,,,,,,,,,,,,,,,,,,,,,,,,,,Not Updated
,,,,,,,,,,,,,,,,,,,,,,,,,,,,Not Updated
,,,,,,,,,,,,,,,,,,,,,,,,,,,,Not Updated
,,,,,,,,,,,,,,,,,,,,,,,,,,,,Not Updated
,,,,,,,,,,,,,,,,,,,,,,,,,,,,Not Updated
,,,,,,,,,,,,,,,,,,,,,,,,,,,,Not Updated
,,,,,,,,,,,,,,,,,,,,,,,,,,,,Not Updated
,,,,,,,,,,,,,,,,,,,,,,,,,,,,Not Updated
,,,,,,,,,,,,,,,,,,,,,,,,,,,,Not Updated
,,,,,,,,,,,,,,,,,,,,,,,,,,,,Not Updated
,,,,,,,,,,,,,,,,,,,,,,,,,,,,Not Updated
,,,,,,,,,,,,,,,,,,,,,,,,,,,,Not Updated
,,,,,,,,,,,,,,,,,,,,,,,,,,,,Not Updated
,,,,,,,,,,,,,,,,,,,,,,,,,,,,Not Updated
,,,,,,,,,,,,,,,,,,,,,,,,,,,,Not Updated
,,,,,,,,,,,,,,,,,,,,,,,,,,,,Not Updated
,,,,,,,,,,,,,,,,,,,,,,,,,,,,Not Updated
,,,,,,,,,,,,,,,,,,,,,,,,,,,,Not Updated
,,,,,,,,,,,,,,,,,,,,,,,,,,,,Not Updated
,,,,,,,,,,,,,,,,,,,,,,,,,,,,Not Updated
,,,,,,,,,,,,,,,,,,,,,,,,,,,,Not Updated
,,,,,,,,,,,,,,,,,,,,,,,,,,,,Not Updated
,,,,,,,,,,,,,,,,,,,,,,,,,,,,Not Updated
,,,,,,,,,,,,,,,,,,,,,,,,,,,,Not Updated
,,,,,,,,,,,,,,,,,,,,,,,,,,,,Not Updated
,,,,,,,,,,,,,,,,,,,,,,,,,,,,Not Updated
,,,,,,,,,,,,,,,,,,,,,,,,,,,,Not Updated
,,,,,,,,,,,,,,,,,,,,,,,,,,,,Not Updated
,,,,,,,,,,,,,,,,,,,,,,,,,,,,Not Updated
,,,,,,,,,,,,,,,,,,,,,,,,,,,,Not Updated
,,,,,,,,,,,,,,,,,,,,,,,,,,,,Not Updated
,,,,,,,,,,,,,,,,,,,,,,,,,,,,Not Updated
,,,,,,,,,,,,,,,,,,,,,,,,,,,,Not Updated
,,,,,,,,,,,,,,,,,,,,,,,,,,,,Not Updated
,,,,,,,,,,,,,,,,,,,,,,,,,,,,Not Updated
,,,,,,,,,,,,,,,,,,,,,,,,,,,,Not Updated
,,,,,,,,,,,,,,,,,,,,,,,,,,,,Not Updated
,,,,,,,,,,,,,,,,,,,,,,,,,,,,Not Updated
,,,,,,,,,,,,,,,,,,,,,,,,,,,,Not Updated
,,,,,,,,,,,,,,,,,,,,,,,,,,,,Not Updated
,,,,,,,,,,,,,,,,,,,,,,,,,,,,Not Updated
,,,,,,,,,,,,,,,,,,,,,,,,,,,,Not Updated
,,,,,,,,,,,,,,,,,,,,,,,,,,,,Not Updated
,,,,,,,,,,,,,,,,,,,,,,,,,,,,Not Updated
,,,,,,,,,,,,,,,,,,,,,,,,,,,,Not Updated
,,,,,,,,,,,,,,,,,,,,,,,,,,,,Not Updated
,,,,,,,,,,,,,,,,,,,,,,,,,,,,Not Updated
,,,,,,,,,,,,,,,,,,,,,,,,,,,,Not Updated
,,,,,,,,,,,,,,,,,,,,,,,,,,,,Not Updated
,,,,,,,,,,,,,,,,,,,,,,,,,,,,Not Updated
,,,,,,,,,,,,,,,,,,,,,,,,,,,,Not Updated
,,,,,,,,,,,,,,,,,,,,,,,,,,,,Not Updated
,,,,,,,,,,,,,,,,,,,,,,,,,,,,Not Updated
,,,,,,,,,,,,,,,,,,,,,,,,,,,,Not Updated
,,,,,,,,,,,,,,,,,,,,,,,,,,,,Not Updated
,,,,,,,,,,,,,,,,,,,,,,,,,,,,Not Updated
,,,,,,,,,,,,,,,,,,,,,,,,,,,,Not Updated
,,,,,,,,,,,,,,,,,,,,,,,,,,,,Not Updated
,,,,,,,,,,,,,,,,,,,,,,,,,,,,Not Updated
,,,,,,,,,,,,,,,,,,,,,,,,,,,,Not Updated
,,,,,,,,,,,,,,,,,,,,,,,,,,,,Not Updated
,,,,,,,,,,,,,,,,,,,,,,,,,,,,Not Updated
,,,,,,,,,,,,,,,,,,,,,,,,,,,,Not Updated
,,,,,,,,,,,,,,,,,,,,,,,,,,,,Not Updated
,,,,,,,,,,,,,,,,,,,,,,,,,,,,Not Updated
,,,,,,,,,,,,,,,,,,,,,,,,,,,,Not Updated
,,,,,,,,,,,,,,,,,,,,,,,,,,,,Not Updated
,,,,,,,,,,,,,,,,,,,,,,,,,,,,Not Updated
,,,,,,,,,,,,,,,,,,,,,,,,,,,,Not Updated